name,URL,city,state
Alabama Mineral & Lapidary Society,http://www.lapidaryclub.com/,Birmingham,Alabama
Dothan Gem & Mineral Club,http://www.wiregrassrockhounds.com/,Dothan,Alabama
Huntsville Gem and Mineral Society,http://huntsvillegms.org/,Huntsville,Alabama
Mobile Rock & Gem Society,http://www.mobilerockandgem.com/,Mobile,Alabama
Montgomery Gem & Mineral Society,http://montgomerygemandmineralsociety.com/mgms/,Montgomery,Alabama
Chugach Gem & Mineral Society,http://www.chugachgemandmineralsociety.com/,Anchorage,Alaska
Mat-Su Rock and Mineral Club,http://matsurockclub.com/,Palmer,Alaska
Apache Junction Rock and Gem Club,http://www.ajrockclub.com/,Apache Junction,Arizona
Black Canyon City Rock Club,http://www.bccrockclub.mysite.com/,Black Canyon City,Arizona
Daisy Mountain Rock & Mineral Club,http://www.dmrmc.com/,Anthem,Arizona
Gila County Gem & Mineral Society,http://gilagem.org/,Miami,Arizona
Huachuca Mineral and Gem Club,http://www.huachucamineralandgemclub.info/,Sierra Vista,Arizona
Lake Havasu Gem & Mineral Society,http://www.lakehavasugms.org/,Lake Havasu City,Arizona
Mineralogical Society of Arizona,http://www.msaaz.org/,Scottsdale,Arizona
Mingus Gem & Mineral Club,http://www.mingusclub.org/,Cottonwood,Arizona
Mohave County Gemstoners,http://www.gemstoners.org/,Kingman,Arizona
Old Pueblo Lapidary Club,http://www.lapidaryclub.org/,Tucson,Arizona
Prescott Gem & Mineral Club,http://www.prescottgemmineral.org/,Prescott Valley,Arizona
Quartzsite Roadrunners Gem & Mineral Club,http://www.qrgmc.org/,Quartzsite,Arizona
Rockhounds West,http://rockhounds.scwclubs.com/,Phoenix,Arizona
Sedona Gem & Mineral Club,http://www.sedonagemandmineral.org/,Sedona,Arizona
Silvery Colorado River Rock Club,http://scrrc.blogspot.com/,Bullhead City,Arizona
Sunsites Gem and Mineral Club,https://sites.google.com/site/cochisecountyrock/,Pearce,Arizona
Tucson Gem and Mineral Society,http://www.tgms.org/,Tucson,Arizona
Verde River Rockhounds,http://www.verderiverrockhounds.com/,Cottonwood,Arizona
West Valley Rock & Mineral Club,http://www.westvalleyrockandmineralclub.com/,Buckeye,Arizona
White Mountain Gem & Mineral Club,http://whitemountain-azrockclub.org/,Show Low,Arizona
Wickenburg Gem and Mineral Society,http://www.wickenburggms.org/,Wickenburg,Arizona
"Central Arkansas Gem, Mineral and Geology Society",http://www.centralarrockhound.org/,Little Rock,Arkansas
Northwest Arkansas Gem & Mineral Society,http://www.nwarockhounds.org/,Siloam Springs,Arkansas
"Ozark Earth Science Gem, Mineral & Fossil Club",https://www.ozarkearthscience.com/,Mountain Home,Arkansas
Amador County Gem & Mineral Society,http://www.amadorgemandmineral.org/,Sutter Creek,California
American Opal Society,http://www.opalsociety.org/,Anaheim,California
Antelope Valley Gem and Mineral Club,http://avgem.weebly.com/,Lancaster,California
Antioch Lapidary Club,http://www.antiochlapidaryclub.com/,Antioch,California
Borrego Rock and Gem Club,http://www.abdnha.org/bragclub.html,Borrego Springs,California
Calaveras Gem & Mineral Society,http://www.calaverasgemandmineral.org/,Angels Camp,California
Carmel Valley Gem and Mineral Society,http://www.cvgms.rocks/,Pacific Grove,California
Central Coast Treasure Hunters Association,http://www.cctha.org/,San Luis Obispo,California
Coalinga Rockhound Society,https://sites.google.com/site/coalingarockhounds/,Coalinga,California
Conejo Gem & Mineral Club,http://www.cgamc.org/,Thousand Oaks,California
Contra Costa Mineral & Gem Society,http://www.ccmgs.org/,Concord,California
The Culver City Rock and Mineral Club,http://culvercityrocks.org/,Culver City,California
Del Air Rockhounds Club,http://delairrockhounds.blogspot.com/,Northridge,California
Delvers Gem & Mineral Society,https://delversgemclub.wordpress.com/,Bellflower,California
El Cajon Valley Gem & Mineral Society,http://www.ecvgms.org/,El Cajon,California
El Dorado County Mineral and Gem Society,http://www.eldoradomineralandgem.org/,Placerville,California
Faceters Guild of Southern California,http://www.fgosc.com/,Buena Park,California
"Fallbrook Gem and Mineral Society, Inc.",http://www.fgms.org/FGMS/Home.html,Fallbrook,California
Feather River Lapidary & Mineral Society,http://www.featherriverrocks.org/,Oroville,California
First Class Miners,http://www.firstclassminers.org/,Yucca Valley,California
"Fossils for Fun Society, Inc.",https://www.facebook.com/The-Fossils-for-Fun-Society-994879667246272/,North Highlands,California
Fresno Gem & Mineral Society,http://fgms.us/,Fresno,California
Gold Country Treasure Seekers,https://goldcountrytreasureseekers.shutterfly.com/,Placerville,California
Hi-Desert Rockhounds of Morongo Valley,http://www.hi-desertrockhounds.org/,Yucca Valley,California
Indian Wells Valley Gem & Mineral Society,http://indianwells.weebly.com/,Ridgecrest,California
Kern County Mineral Society,http://kerncountymineralsociety.org/,Bakersfield,California
Lemoore Gem and Mineral Club,https://www.facebook.com/Lemoore-Gem-and-Mineral-Club-706220872829687/,Lemoore,California
Livermore Valley Lithophiles,http://www.lithophiles.com/,Livermore,California
Line Pine Gem & Mieral Society,http://lpgms.org/,Lone Pine,California
Mariposa Gem & Mineral Club,http://mariposagmc.org/,Mariposa,California
Mineral & Gem Society of Castro Valley,http://www.mgscv.org/,Hayward,California
Mineralogical Society of Southern California,http://www.mineralsocal.org/,Pasadena,California
Mojave Desert Gem & Mineral Society,http://www.mdgms.net/,Barstow,California
Monrovia Rock Hounds Inc.,http://www.moroks.com/,Monrovia,California
Mother Lode Mineral Society,http://www.motherlodemineralsociety.com/,Modesto,California
Needles Gem & Mineral Club,http://needlesgemmineralclub.blogspot.com/,Mohave Valley,California
Nevada County Gem & Mineral Society,http://www.ncgms.org/,Grass Valley,California
Northern California Geological Society,http://www.ncgeolsoc.org/,Orinda,California
North Orange County Gem & Mineral Society,http://www.nocgms.com/,La Habra,California
Orange Belt Mineralogical Society,http://obmsrocks.yolasite.com/,San Bernardino,California
Orcutt Mineral Society,http://www.omsinc.org/,Santa Maria,California
Oxnard Gem & Mineral Society,http://oxnardgem.com/home/,Oxnard,California
Palmdale Gem & Mineral Club,https://www.facebook.com/palmdalegemandmineralclub/,Palmdale,California
Palomar Gem & Mineral Club,http://palomargem.org/,Escondido,California
Palos Verdes Gem & Mineral Society,http://www.palos-verdes-gem-and-mineral-society.org/,Rolling Hills Estates,California
Paradise Gem & Mineral Club,http://www.paradisegem.org/,Paradise,California
Pasadena Lapidary Society,http://www.pasadenalapidarysociety.org/,Pasadena,California
"Peninsula Gem & Geology Society, Inc.",http://pggs.org/,Los Altos,California
Roseville Rock Rollers,http://www.rockrollers.com/,Roseville,California
Route 66 Gold Miners Inc,http://www.route66goldminers.org/,Brea,California
Sacramento Mineral Society,http://www.sacramentomineralsociety.org/,Sacramento,California
Sacramento Valley Detecting Buffs,http://www.sacramentovalleydetectingbuffs.com/,North Highlands,California
Salinas Valley Rock and Gem Club,https://salinasrockandgem.pagecloud.com/,Salinas,California
San Diego Gem and Mineral Society,http://www.sdmg.org/,San Diego,California
San Diego Lapidary Society,http://sandiegolapidarysociety.org/,San Diego,California
"San Francisco Gem and Mineral Society, Inc.",http://www.sfgms.org/,San Francisco,California
San Joaquin Valley Lapidary Society,http://sjvls.blogspot.com/,Bakersfield,California
San Luis Obispo Gem & Mineral Club,http://www.slogem.org/,San Luis Obispo,California
"Santa Ana Rock & Mineral Club, Inc.",http://www.sarmclub.org/,Santa Ana,California
Santa Clara Valley Gem & Mineral Society,http://www.scvgms.org/,San Jose,California
Santa Cruz Mineral and Gem Society,https://www.facebook.com/scmgs/,Santa Cruz,California
Santa Lucia Rockhounds,http://www.slrockhounds.org/,Paso Robles,California
"Santa Rosa Mineral And Gem Society, Inc.",http://www.srmgs.org/,Santa Rosa,California
Searchers Gem and Mineral Society,https://www.searchersrocks.org/,Anaheim,California
"Searles Lake Gem and Mineral Society, Inc.",http://www1.iwvisp.com/tronagemclub/,Trona,California
Sequoia Gem and Mineral Society,http://www.sequoiagemandmineralsociety.org/,Redwood City,California
Shadow Mountain Gem & Mineral Society,http://www.shadowmountaingemmineral.org/,Palm Springs,California
Shasta Gem & Mineral Society,http://www.shastagemandmineral.com/,Redding,California
Sierra Pelona Rock Club,http://www.sierrapelona.com/,Newhall,California
South Bay Lapidary & Mineral Society,https://southbaylapidaryandmineralsociety.com/,Torrance,California
South Orange County Gem & Mineral Society,https://www.facebook.com/South-Orange-County-Gem-Mineral-Society-255366124502612/,San Clemente,California
Southern California Paleontological Society,http://socalpaleo.com/,Los Angeles,California
Stockton Lapidary & Mineral Club,http://www.stocktonlapidary.com/,Stockton,California
Sutter Buttes Gem & Mineral Society,https://sutterbuttesgemmin.org/,Marysville,California
Tehachapi Valley Gem & Mineral Society,http://www.tvgms.org/,Tehachapi,California
Tule Gem and Mineral Society,http://www.tulegem.com/,Farmersville,California
Vallejo Gem & Mineral Society,http://www.vjgems.org/,Vallejo,California
"Valley Prospectors, Inc.",https://www.valleyprospectors.com/,San Bernardino,California
"Ventura Gem & Mineral Society, Inc",http://vgms.org/,Ventura,California
Victor Valley Gem and Mineral Club,http://www.vvgmc.org/,Victorville,California
Vista Gem & Mineral Society,http://www.vistarocks.org/,Vista,California
West Coast Prospectors & Treasure Hunters Association,http://westcoasters.org/,Garden Grove,California
West End Prospectors Corporation,http://www.wepcgold.com,Norco,California
"Whittier Gem and Mineral Society, Inc.",http://wgmsca.com/index.html,Whittier,California
"Woodland Hills Rock Chippers, Inc.",http://www.rockchippers.org/,San Fernando Valley,California
Yucaipa Valley Gem & Mineral Society,http://www.yvgms.org/wiki/,Yucaipa,California
Canon City Geology Club,http://www.canoncitygeologyclub.com/,Canon City,Colorado
Colorado Gold Camp,http://coloradogoldcamp.com/,Frisco,Colorado
Colorado Mineral Society,http://www.coloradomineralsociety.org/,Lakewood,Colorado
Colorado Prospector,http://www.coloradoprospector.com/,Alamosa,Colorado
Colorado Springs Mineral Society,http://www.csms1936.com/,Colorado Springs,Colorado
Columbine Gem and Mineral Society,http://rockaholics.org/,Salida,Colorado
Denver Gem and Mineral Guild,http://denvergem.org/index.html,Denver,Colorado
Flatirons Mineral Club,http://flatironsmineralclub.org/,Boulder,Colorado
Fort Collins Rockhounds,http://www.fortcollinsrockhounds.org/,Fort Collins,Colorado
Four Corners Gem & Mineral Club,http://www.durangorocks.org/,Durango,Colorado
Friends of Mineralogy - Colorado Chapter ,http://friendsofmineralogycolorado.org/,Denver,Colorado
Grand Junction Gem & Mineral Club,http://www.grandjunctionrockclub.org/,Grand Junction,Colorado
Lake George Gem & Mineral club,http://www.lggmclub.org/,Lake George,Colorado
"Littleton Gem and Mineral Club, Inc.",http://littletongemandmineralclub.com/,Littleton,Colorado
Mile High Rock and Mineral Society,http://www.milehirams.com/,Arvada,Colorado
North Jeffco Gem & Mineral Club,http://www.peaktopeak.com/njeffco/index.php,Arvada,Colorado
Pueblo Rockhounds,http://www.pueblorockhounds.org/,Pueblo,Colorado
Western Interior Paleontological Society,http://www.westernpaleo.org/,Denver,Colorado
Bristol Gem & Mineral Club,http://bristolgem.org/,Bristol,Connecticut
Danbury Mineralogical Society,http://danburymineralogicalsociety.weebly.com/,Danbury,Connecticut
Lapidary and Mineral Society of Central Connecticut,http://www.lmscc.org/,Meriden,Connecticut
New Haven Mineral Club,http://www.newhavenmineralclub.org/,New Haven,Connecticut
Stamford Mineralogical Society,http://www.stamfordmineralsociety.org/,Stamford,Connecticut
"Delaware Mineralogical Society, Inc.",http://www.delminsociety.net/,Wilmington,Delaware
Canaveral Mineral & Gem Society,http://www.canaveral-mgs.com/,Melbourne,Florida
Central Brevard Rock and Gem Club,http://www.centralbrevardgems.org/,Merritt Island,Florida
Central Florida Mineral and Gem Society,http://www.cfmgs.org/,Winter Park,Florida
Florida Fossil Hunters,http://floridafossilhunters.com/,Orlando,Florida
Florida Gold Coast Gem & Mineral Society,http://fgcgms.com/main/,Hollywood,Florida
Fossil Club of Lee County,http://www.fcolc.com/,Ft. Myers,Florida
Gainesville Gem & Mineral Society,http://gainesvillegms.weebly.com/,Gainesville,Florida
Gem and Mineral Society of the Palm Beaches,http://www.gemandmineralsociety.org/,West Palm Beach,Florida
"Imperial Bone Valley Gem, Mineral, & Fossil Society",http://www.bonevalley.net/,Lakeland,Florida
"Jacksonville Gem and Mineral Society, Inc.",http://www.jaxgemandmineral.org/,Jacksonville,Florida
"Miami Mineralogical and Lapidary Guild, Inc.",http://www.mmlg-inc.org/,Miami,Florida
Playground Gem and Mineral Society,http://playgroundgem.org/,Ft. Walton Beach,Florida
Southwest Florida Fossil Society,http://www.southwestfloridafossilsociety.org/,Punta Gorda,Florida
St Lucie County Rock and Gem Club,http://www.slcrockandgem.org/,Port St Lucie,Florida
Suncoast Gem and Mineral Society,http://sgams.com/,St Petersburg,Florida
Tampa Bay Fossil Club,http://www.tampabayfossilclub.com/,Palm Harbor,Florida
"Tampa Bay Mineral & Science Club, Inc.",http://www.tampabayrockclub.com/,Tampa,Florida
The Villages Gem and Mineral Society,http://www.thevillagesgemandmineralsociety.com/,The Villages,Florida
Tomoka Faceters Guild,http://www.tomokafacetersguild.org/index.html,Palm Coast,Florida
Withlacoochee Rockhounds,http://www.withlacoocheerockhounds.com/,Spring Hill,Florida
Athens Rock and Gem Club,http://www.athensrockandgemclub.org/,Athens,Georgia
Augusta Gem & Mineral Society,http://agams.club/,Augusta,Georgia
Cobb County Gem and Mineral Society,https://www.ccgms.org/,Marietta,Georgia
"Georgia Mineral Society, Inc.",http://www.gamineral.org/,Norcross,Georgia
Mid-Georgia Gem and Mineral Society,http://midgagmsorg.ipage.com/,Macon,Georgia
Rome Georgia Mineral Society Inc.,https://rogams.wordpress.com/,Rome,Georgia
"Hui Pohaku 'O Hawai'i Rock & Mineral Society of Hawai'i, Inc.",http://pohakugalore.net/Hui_pohaku/Hiu_pohaku_1.html,Honolulu,Hawaii
"Hells Canyon Gem Club, Inc.",http://www.hellscanyongemclub.com/,Lewiston,Idaho
Idaho Falls Gem & Mineral Society,http://ifgemmineral.weebly.com/,Idaho Falls,Idaho
"Idaho Gem Club, Inc.",http://www.idahogemclub.com/,Boise,Idaho
Magic Valley Gem Club,http://magicvalleygemclub.org/,Twin Falls,Idaho
North Idaho Mineral Club,http://www.northidahomineralclub.com/,Coeur d'Alene,Idaho
Owyhee Gem & Mineral Society,http://www.owyheerocks.com/,Caldwell,Idaho
Pend Oreille Rock and Gem Club,https://pendoreillerockandgemclub.wordpress.com/,Oldtown,Idaho
Southeast Idaho Gem and Mineral Society,https://www.facebook.com/SEIGMS,Boise,Idaho
Black Hawk Gem & Mineral Club,http://www.blackhawkgemandmineralclub.com/,Rock Island,Illinois
Central Illinois Gem & Mineral Club,http://rmkapta.wixsite.com/cigmc,Decatur,Illinois
Chicago Rocks & Minerals Society,http://www.chicagorocks.org/,Skokie,Illinois
Elgin Rock Club,http://elginrockclub.org/,Elgin,Illinois
"Geodeland Earth Science Clubs, Inc.",http://www.geodeland.com/,Macomb,Illinois
Lincoln Orbit Earth Science Society,http://www.loess.org/,Springfield,Illinois
Midwest Historical Research Society,http://www.mhrsusa.com/,Chicago,Illinois
Northwest Illinois Rock Club,http://nwilrockclubfrpt.blogspot.com/,Freeport,Illinois
Peoria Academy of Science Geology Section,http://www.pasgeology.com/,Peoria,Illinois
Southern Illinois Earth Science Club,http://www.siesclub.org/,Benton,Illinois
West Central Illinois Rock & Mineral Club,http://www.rockchatter.com/,Macomb,Illinois
West Suburban Lapidary Club,http://www.westsuburbanlapidaryclub.com/,Elmhurst,Illinois
500 Earth Sciences Club,http://www.500earthsciencesclub.org/,Indianapolis,Indiana
Brown County Rock and Mineral Club,http://browncountyrock.webs.com/,Nashville,Indiana
Calumet Gem & Mineral Society,https://www.facebook.com/calumetrockclub,Crown Point,Indiana
Evansville Lapidary Society,http://evansvillelapidarysociety.tumblr.com/,Evansville,Indiana
"Eastern Indiana Gem & Geological Society, Inc.",http://eiggs.weebly.com/,Richmond,Indiana
"Lawrence County Rock Club, Inc",http://www.lawrencecountyrockclub.org/,Bedford,Indiana
"Michiana Gem & Mineral Society, Inc.",http://www.michianagms.org/,South Bend,Indiana
Three Rivers Gem & Mineral Society,http://3riversgem_mineral.tripod.com/,Fort Wayne,Indiana
Cedar Valley Rocks and Minerals Society,http://www.cedarvalleyrockclub.org/,Cedar Rapids,Iowa
Des Moines Lapidary Society,http://dmlapidary.org/,Des Moines,Iowa
Geology Club @ Cornell College,http://orgs.cornellcollege.edu/geo_club/,Mount Vernon,Iowa
Iowa State University Geology Club,https://www.facebook.com/ISUGEOCLUB/,Ames,Iowa
River Valley Rockhounds,http://amfed.org/mwf/states/Iowa/RiverValley.html,Fort Dodge,Iowa
The Sac & Fox Lapidary Club,http://members.iowatelecom.net/billrath/rock_club.html,Fairfield,Iowa
Olathe Gem and Mineral Society,http://olathegemclub.com/,Kansas City,Kansas
Topeka Gem & Mineral Society,http://www.topekagms.org/,Topeka,Kansas
Wichita Gem and Mineral Society,http://www.wgmsks.org/,Wichita,Kansas
Wichita Paleontological Society,http://www.reocities.com/CapeCanaveral/Hangar/4265/home.html,Wichita,Kansas
Blue Grass Gem & Mineral Club of Central Kentucky,http://bggamc.homestead.com/,Lexington,Kentucky
KYANA Geological Society,http://www.kyanageo.org/,Louisville,Kentucky
Kentucky Paleontological Society,http://www.uky.edu/OtherOrgs/KPS/,Lexington,Kentucky
Ark-La-Tex Gem & Mineral Society,http://larockclub.com/,Shreveport,Louisiana
Baton Rouge Gem & Mineral Society,http://www.brgemandmineral.org/,Baton Rouge,Louisiana
DeRidder Gem & Mineral Society,https://www.facebook.com/DeRidder-Gem-Mineral-Society-1123146734440993/,Leesville,Louisiana
Kennebec Rocks and Minerals Club,http://kennebec-rocksandminerals.com/,Winthrop,Maine
Maine Mineralogical & Geological Society,http://mainemineralclub.org/,Portland,Maine
Oxford County Mineral and Gem Association,http://ocmgassoc.blogspot.com/,South Paris,Maine
Penobscot Mineral and Lapidary Club,http://penobscotminerallapidaryclub.com/index.html,Milford,Maine
American Fossil Federation,http://americanfossilfederation.org/Home.html,Bowie,Maryland
Baltimore Mineral Society,http://www.baltimoremineralsociety.org/,Baltimore,Maryland
Calvert Marine Museum Fossil Club,http://www.calvertmarinemuseum.com/209/Fossil-Club,Solomons,Maryland
Central Maryland Rock and Mineral Collectors Exchange,https://www.meetup.com/rockhounds/,Elkridge,Maryland
Chesapeake Gem & Mineral Society,http://www.chesapeakegemandmineral.org/,Baltimore,Maryland
"Gem Cutters Guild of Baltimore, Inc.",http://www.gemcuttersguild.com/,Baltimore,Maryland
"Gem, Lapidary, and Mineral Society of Montgomery County, MD., Inc.",http://www.glmsmc.com/,Rockville,Maryland
Maryland Geological Society,http://www.ecphora.net/mgs/,Bowie,Maryland
Micromineralogists of the National Capital Area,http://dcmicrominerals.org/,"Washington, DC",Maryland
Patuxent Lapidary Guild,http://www.patuxentlapidary.org/,Annapolis,Maryland
Southern Maryland Rock and Mineral Club,http://www.smrmc.org/,Clinton,Maryland
The Mineralogical Society of the District of Columbia,http://www.mineralogicalsocietyofdc.org/,"Washington, DC",Maryland
"Boston Mineral Club, Inc.",http://www.bostonmineralclub.org/,Boston,Massachusetts
Connecticut Valley Mineral Club,http://www.cvmineralclub.org/,Springfield,Massachusetts
Micromounters of New England,http://micromountersofnewengland.org/,Chemlsford,Massachusetts
Nashoba Valley Mineralogical Society,http://www.americantowns.com/ma/westford/organization/nashoba_valley_mineralogical_society,Westford,Massachusetts
North Shore Rock & Mineral Club of Massachusetts,http://www.northshorerock.org/,South Hamilton,Massachusetts
Northern Berkshire Mineral Club,http://nbmclub.webs.com/,North Adams,Massachusetts
Southeastern Massachusetts Mineral Club,http://semmc.com/,Bridgewater,Massachusetts
Worcester Mineral Club,http://worcestermineralclub.org/,Worcester,Massachusetts
"Big Rapids Rock, Gem & Mineral Club",https://sites.google.com/site/bigrapidsrockgemmineralclub/,Big Rapids,Michigan
Central Michigan Lapidary and Mineral Society,http://michrocks.org/,Lansing,Michigan
Copper Country Rock and Mineral Club,http://www.ccrmc.info/,Dollar Bay,Michigan
Flint Rock and Gem Club,http://www.flintrockandgem.org/,Flint,Michigan
Grand Traverse Area Rock and Mineral Club,http://tcrockhounds.com/,Traverse City,Michigan
Indian Mounds Rock & Mineral Club,http://www.indianmoundsrockclub.com/,Wyoming,Michigan
Ishpeming Rock and Mineral Club,http://www.ishpemingrocks.org/,Ishpeming,Michigan
Kalamazoo Geological & Mineral Society,http://kalamazoorockclub.org/,Kalamazoo,Michigan
Livingston Gem & Mineral Society,http://www.livingstongemandmineralsociety.com/,Howell,Michigan
Michigan Gem & Mineral Society,http://mgmsrockclub.com/,Michigan Center,Michigan
Michigan Mineralogical Society,https://www.michmin.org/,Bloomfield Hills,Michigan
Mid-Michigan Rock Club,http://www.midmichrockclub.com/?Page=1,Midland,Michigan
Midwest Faceters' Guild,http://www.midwestfaceters.org/,Grand Rapids,Michigan
Midwest Mineralological & Lapidary Society,http://www.mmls.us/,Taylor,Michigan
Mikenauk Rock and Gem Club,http://mikenaukclub.weebly.com/,Roscommon,Michigan
Mount Clemens Gem & Lapidary Society,http://mcgls.org/,Mt. Clemens,Michigan
Oakland County Earth Science Club,http://www.ocesc.com/,Waterford,Michigan
Roamin Club,https://roaminrockclub.weebly.com/,Livonia,Michigan
StateLine Gem & Mineral Society,http://statelinegms.com/,Morenci,Michigan
"Tulip City Gem & Mineral Club, Inc.",http://www.tulipcity.org/,Holland,Michigan
Anoka County Gem & Mineral Club,http://www.amfed.org/mwf/states/Minnesota/AnokaGem.html,Minneapolis,Minnesota
"Cuyuna Rock, Gem and Mineral Society",http://cuyunarockclub.org/wp/,Brainerd,Minnesota
Minnesota Mineral Club,http://minnesotamineralclub.org/,Falcon Heights,Minnesota
Minnesota Valley Gem & Mineral Club,http://www.mnvalleygemandmineralclub.com/,Mankato,Minnesota
St Croix Rockhounds,http://stcroixrockhounds.org/,Stillwater,Minnesota
"Harrison County Gem & Mineral Society, Inc.",http://www.gulfportgems.org/,Gulfport,Mississippi
Mississippi Gem & Mineral Society,http://missgems.org/,Jackson,Mississippi
Mississippi Geological Society,http://www.missgeo.com/,Jackson,Mississippi
Mississippi Gulf Coast Gem and Mineral Society,http://www.mgcgms.org/,Ocean Springs,Mississippi
North Mississippi Gem and Mineral Society,http://www.nmgms.org/,Tupelo,Mississippi
Central Missouri Rock and Lapidary Club,http://www.cmrlc.org/,Columbia,Missouri
Independence Gem & Mineral Society,http://www.igams.co/,Independence,Missouri
Missouri Valley Gem & Mineral Society,http://www.movalleyrockclub.com/,St. Joseph,Missouri
"Mozarkite Society of Lincoln, Inc.",http://www.mozarkite.com/,Lincoln,Missouri
Ozark Mountain Gem & Mineral Society,https://www.facebook.com/omgms.57,Springfield,Missouri
Rock Hobby Club of Greater Saint Louis,xxxxxhttp://rockhobby.stlearthsci.org/Home.aspxxxxxx,St. Louis,Missouri
Rockwood Gem & Mineral Society,http://rockwood.stlearthsci.org/,St. Louis,Missouri
St. Louis Mineral & Gem Society,http://www.stlrockclub.com/,St. Louis,Missouri
"Show Me Gems & Minerals Club, Inc.",http://showme.stlearthsci.org/,St. Peters,Missouri
Show-Me Rockhounds Kansas City,https://showmerockhounds.com/,Kansas City,Missouri
"Billings Gem & Mineral Club, Inc.",http://www.billingsgemclub.com/,Billings,Montana
Bitterroot Gem & Mineral Society,http://www.ravalligemandmineralclub.org/,Corvallis,Montana
Bozeman Gem and Mineral Club,http://bozemangemandmineralclub.com/,Bozeman,Montana
Hellgate Mineral Society,https://www.facebook.com/HellgateMineralSociety/,Missoula,Montana
Kalispell Rockhound Club,http://www.kalispellrockhounds.org/,Kalispell,Montana
"Lincoln Gem & Mineral Club, Inc.",https://www.lincolngemmineralclub.org/,Lincoln,Nebraska
Comstock Gold Prospectors,http://cgpgold.org/,Reno,Nevada
Great Basin Gem & Mineral Club,http://greatbasingemandmineralclub.rocks/,Carson City,Nevada
High Desert Rockers,https://highdesertrockers.wordpress.com/,Carson City,Nevada
Nye Gold Seekers,http://nyegoldseekers.webs.com/,Pahrump,Nevada
Reno Gem and Mineral Society,http://www.renorockhounds.com/,Reno,Nevada
Southern Nevada Gem and Mineral Society,http://www.snvgms.org/,Las Vegas,Nevada
Capital Mineral Club,http://www.capitalmineralclub.org/,Concord,Hampshire
Keene Mineral Club,https://sites.google.com/site/keenemineralclub/home,Keene,Hampshire
Saco Valley Gem and Mineral Club,http://www.sacovalleygemandmineralclub.org/,Conway,Hampshire
Southeastern New Hampshire Mineral Club,https://www.senhmc.org/,Dover,Hampshire
Cape Atlantic Rockhounds Inc.,http://www.capeatlanticrockhounds.com/,Cologne,Jersey
Delaware Valley Earth Science Society,http://www.dvess.org/,Woodbury,Jersey
Friends of Mineralogy - New Jersey Chapter,https://fomnj.wordpress.com/,Marlboro Township,Jersey
Morris Museum Mineralogical Society,http://morrismuseum.org/mineral-society/,Morristown,Jersey
"New Jersey Mineralogical Society, Inc",http://www.njmin.org/,Mountainside,Jersey
"North Jersey Mineralogical Society, Inc.",http://www.nojms.webs.com/,Paterson,Jersey
Albuquerque Gem & Mineral Club,http://www.agmc.info/,Albuquerque,Mexico
Carlsbad Gem and Mineral Society,http://www.carlsbadgms.org/,Carlsbad,Mexico
Deming Gem & Mineral Society,http://www.thedgms.com/,Deming,Mexico
"Grant County Rolling Stones Gem & Mineral Society, Inc.",http://rollingstonesgms.blogspot.com/,Silver City,Mexico
Los Alamos Geological Society,http://pweb.netcom.com/~hoffmans/LAGS.html,Los Alamos,Mexico
"Buffalo Geological Society, Inc.",http://www.bgsny.org/,Buffalo,York
Capital District Mineral Club,http://capitaldistrictmineralclub.com/,Albany,York
"Gem and Mineral Society of Syracuse, Inc.",http://www.gmss.us/,Syracuse,York
Island Rockhounds Inc.,http://www.islandrockhounds.org/,Bellmore,York
Long Island Mineral & Geology Society,http://www.limineralandgeology.com/LiMags/Home.html,Jamesport,York
Mid-Hudson Valley Gem and Mineral Society Inc.,http://mhvgms.org/index.html,Poughkeepsie,York
Nassau Mineral Club,http://nassaumineralclub.org/,Glen Cove,York
New York Mineralogical Club,http://www.newyorkmineralogicalclub.org/,NYC,York
New York Paleontological Society,http://www.nyps.org/index.htm,NYC,York
Orange County Mineral Society,http://www.orangecountymineralsocietynewyork.com/,Middletown,York
Rochester Academy of Science,http://www.rasny.org/,Rochester,York
Rochester Lapiday Society,http://www.rochesterlapidary.org/,Rochester,York
St. Lawrence County Rock & Mineral Club,http://stlawrencecountymineralclub.org/,Canton,York
Suffolk Gem & Mineral Club,http://www.suffolkgem.com/,Bay Shore,York
Wayne County Gem and Mineral Club,http://www.wcgmc.org/,Newark,York
Cape Fear Mineral & Gem Society,http://www.mercergarden.com/GemClub.html,Fayetteville,Carolina
Catawba Valley Gem & Mineral Club,http://www.cvgmc.com/,Hickory,Carolina
Central North Carolina Mineral Club,http://www.centralncmineralclub.org/,Chapel Hill,Carolina
Charlotte Gem & Mineral Club,http://www.charlottegem.com/,Charlotte,Carolina
Forsyth Gem and Mineral Club,http://www.forsythgemclub.com/fgmcmain.html,Winston-Salem,Carolina
"Gaston Gem, Mineral and Faceters Club",http://gastongemclub.weebly.com/,Gastonia,Carolina
Gem & Mineral Society of Franklin,http://www.fgmm.org/,Franklin,Carolina
Greensboro Gem & Mineral Club,http://www.ggmc-rockhounds.com/,Greensboro,Carolina
Henderson County Gem and Mineral Society,http://hcgms.com/index.html,Hendersonville,Carolina
Mountain Area Gem and Mineral Association (MAGMA),http://www.wncrocks.com/magma/magma.html,Asheville,Carolina
North Carolina Fossil Club,http://www.ncfossilclub.org/,Raleigh,Carolina
Southern Appalachian Mineral Society,http://www.main.nc.us/sams/,Asheville,Carolina
Tar Heel Gem & Mineral Club,http://www.tarheelclub.org/,Raleigh,Carolina
Central Dakota Gem & Mineral Society,https://ndrockclub.org/,Bismarck,Dakota
Brukner Gem and Mineral Club,http://www.bruknergemandmineralclub.com/,Troy,Ohio
Cincinnati Mineral Society,http://mineralsociety.org/,Cincinnati,Ohio
Columbus Rock and Mineral Society,http://www.columbusrockandmineralsociety.org/,Columbus,Ohio
Dayton Gem & Mineral Society,https://www.facebook.com/The-Dayton-Gem-Mineral-Society-140478502678195/,Kettering,Ohio
Dry Dredgers,http://drydredgers.org/,Cincinnati,Ohio
Greater Cincinati Lapidary and Faceting Society,http://cincinnatilapidary.weebly.com/,Loveland,Ohio
North Coast Fossil Club,http://ncfclub.org/,Cleveland,Ohio
Ohio Geological Society,https://ohiogeosoc.org/,Worthington,Ohio
Parma Lapidary Club,http://www.parmalapidary.com/,Cleveland,Ohio
Richland Lithic & Lapidary Society,http://rlls.webs.com/,Mansfield,Ohio
Summit Lapidary Club,http://lapidaryclubofohio.org/,Cuyahoga Falls,Ohio
Toledo Gem & Rockhound Club,http://rockyreader.com/,Toledo,Ohio
"Ada Gem, Mineral and Fossil Club",http://www.freewebs.com/agmfc/,Ada,Oklahoma
Enid Gem & Mineral Society,http://www.enidgemandmineral.org/,Enid,Oklahoma
Oklahoma Mineral and Gem Society,http://omgs-minerals.org/,Oklahoma City,Oklahoma
Shawnee Gem and Mineral Society,https://www.facebook.com/Shawnee-Gem-and-Mineral-Society-524175917629452/,Shawnee,Oklahoma
Tulsa Rock and Mineral Society,http://www.ttownrockhound.org/,Tulsa,Oklahoma
Tahlequah Rock and Mineral Society,http://tramsok.webs.com/,Tahlequah,Oklahoma
Central Oregon Rock Collectors,https://corockcollectors.com/,Redmond,Oregon
Clackamette Mineral and Gem Club,http://www.clackamettegem.org/,Oregon City,Oregon
Columbia-Willamette Faceters' Guild,http://facetersguild.com/,Portland/West Linn,Oregon
FarWest Lapidary & Gem Society,http://www.farwestlapidary.org/,North Bend,Oregon
Hatrockhounds Gem and Mineral Society,http://jall23.wixsite.com/hatrockhounds,Hermiston,Oregon
Millennium Diggers Club,http://www.millenniumdiggers.com/,Portland,Oregon
Mt Hood Rock Club,https://mthoodrockclub.wordpress.com/,Gresham,Oregon
North American Research Group,http://narg-online.com/,Hillsboro,Oregon
"Oregon Agate & Mineral Society, Inc.",http://www.oregonagate.org/,Portland,Oregon
Oregon Coast Agate Club,http://www.coastagates.org/,Newport,Oregon
Prineville Rockhound Pow-Wow Assoc.,http://prineville.rocks/,Prineville,Oregon
Rock and Arrowhead Club of Klamath Falls,http://www.klamathrockclub.org/,Klamath Falls,Oregon
Springfield Thunderegg Rock Club,http://thundereggrockclub.blogspot.com/,Springfield,Oregon
Tualatin Valley Gem Club,https://tvrgc.org/,Forest Grove,Oregon
"Willamette Agate and Mineral Society, Inc.",http://www.wamsi.net/,Salem,Oregon
"Central Pennsylvania Rock and Mineral Club, Inc.",http://www.rockandmineral.org/,Harrisburg,Pennsylvania
"Che-Hanna Rock and Mineral Club, Inc.",http://www.chehannarocks.com/,Sayre,Pennsylvania
Delaware Valley Paleontological Society,https://sites.google.com/site/dvpspaleo/,Philadelphia,Pennsylvania
Friends of Mineralogy - Pennsylvania Chapter,http://www.rasloto.com/FM/,St. Peters,Pennsylvania
Gem City Rock and Mineral Society,http://www.gemcityrockclub.org/,Erie,Pennsylvania
Leidy Microscopical Society,http://leidymicroscopical.com/,Fairless Hills,Pennsylvania
"Mason-Dixon Rock, Mineral, Gemological, & Lapidary Club",http://topgemz.com/,Hanover,Pennsylvania
Mineralogical Society of Northeastern Pennsylvania,http://msnepa.org/,Moosic,Pennsylvania
Monongahela Rockhounds,http://www.monongahelarockhounds.org/,Pittsburgh,Pennsylvania
Monroe County Earth Science Association,http://www.mdsysconsulting.com/MCESA/,Stroudsburg,Pennsylvania
Moraine Rockbusters,http://www.morainerockbusters.org/,Mars,Pennsylvania
Nittany Mineralogical Society,http://www.nittanymineral.org/,State College,Pennsylvania
Pennsylvania Earth Sciences Association,http://www.mineralfest.com/,Whitehall,Pennsylvania
Philadelphia Mineralogical Society,http://www.phillyrocks.org/,Philadelphia,Pennsylvania
Pittsburgh Geological Society,http://www.pittsburghgeologicalsociety.org/index.html,Pittsburgh,Pennsylvania
Tuscarora Lapidary Society,http://www.lapidary.org/,Brookhaven,Pennsylvania
"Rhode Island Mineral Hunters, Inc.",http://rimh.us/,Warwick,Island
Aiken Gem and Mineral Society,http://www.aikengmfs.org/,Aiken,Carolina
Columbia Gem & Mineral Society,http://www.cgams.org/,Columbia,Carolina
Lowcountry Gem and Mineral Society,http://lowcountrygemandmineralsociety.org/,North Charleston,Carolina
Pendleton District Gem and Mineral Society,http://www.woodsmere.com/pdgms/,Central,Carolina
Western South Carolina Gem and Mineral Society,http://www.wescagem.org/,Greenville,Carolina
Sioux Empire Gem and Mineral Society,http://www.segams.org/,Sioux Falls,Dakota
Western Dakota Gem & Mineral Society,http://www.wdgms.org/,Rapid City,Dakota
Knoxville Gem & Mineral Society,http://www.knoxrocks.org/,Knoxville,Tennessee
Memphis Archaeological & Geological Society,http://www.memphisgeology.org/,Memphis,Tennessee
Middle Tennessee Rockhounds,http://www.rockhound.org/,Nashville,Tennessee
Mid-Tennessee Gem and Mineral Society,http://www.mtgms.org/,"Murfreesboro, Donelson, Tullahoma",Tennessee
Arlington Gem and Mineral Club,http://www.agemclub.org/,Arlington,Texas
Austin Gem and Mineral Society,http://www.austingemandmineral.org/index.html,Austin,Texas
Central Texas Gem & Mineral Society,http://rockclub.txol.net/,Abilene,Texas
Chihuahuan Desert Gem and Mineral Club,http://www.cdgmc.org/,Alpine,Texas
Clear Lake Gem and Mineral Society,http://www.clgms.org/,Houston,Texas
"Cowtown Gem, Mineral & Glass Society",http://cera-fw.org/gem-mineral-glass/,Fort Worth,Texas
Dallas Gem and Mineral Society,http://www.dallasgemandmineral.org/,Dallas,Texas
Dallas Paleontological Society,https://dps.wildapricot.org/,Dallas,Texas
East Texas Gem and Mineral Society,http://www.etgms.com/,Tyler,Texas
"El Paso Mineral and Gem Society, Inc.",http://www.epmgs.com/,El Paso,Texas
Fort Worth Gem and Mineral Club,http://www.fortworthgemandmineralclub.org/,Fort Worth,Texas
Fredericksburg Rockhounds,http://fredericksburgrockhounds.org/,Fredericksburg,Texas
Geological Society of San Antonio,http://www.geosa.org/,San Antonio,Texas
"Golden Spread Gem, Mineral and Treasure Society",http://www.amarillotreasure.com/,Amarillo,Texas
Gulf Coast Gem & Mineral Society,http://www.gcgms.org/,Corpus Christi,Texas
Houston Gem and Mineral Society,http://www.hgms.org/,Houston,Texas
Lubbock Gem and Mineral Society,http://www.lubbockgemandmineral.org/,Lubbock,Texas
"Midland Gem and Mineral Society, Inc.",https://www.facebook.com/midlandgemandmineral/,Midland,Texas
Oak Cliff Gem and Mineral Society,http://www.ocgemandmineral.com/,Dallas,Texas
Paleontological Society of Austin,http://www.austinpaleo.org/,Austin,Texas
Pine Country Gem & Mineral Society,http://www.pinecountry-gms.org/,Jasper,Texas
Piney Woods Gem & Mineral Society,http://www.pwgms.org/,Huntsville,Texas
Pleasant Oaks Gem & Mineral Club,http://www.pogmc.org/,Dallas,Texas
"Rollin' Rock Club, Inc.",https://sites.google.com/site/rollinrockclub/,Rollin' Rock Club Of Texas And Any Other State Or Country Of The World and Outer Space,Texas
South Texas Geological Society,http://www.stgs.org/,San Antonio,Texas
Southwest Gem and Mineral Society,http://www.swgemandmineral.org/,San Antonio,Texas
Texas Faceters Guild,http://texasfacetersguild.org/,Houston,Texas
"Tri-City Gem and Mineral Society, Inc.",https://www.facebook.com/midlandgemandmineral/,Temple,Texas
Waco Gem and Mineral Club,http://www.wacogemandmineral.org/,Waco,Texas
Williamson County Gem and Mineral Society,http://www.wcgms.org/,Georgetown,Texas
"Wise County Fossil, Rock and Mineral Society",http://wisecofossilrockandmineralsoc.weebly.com/,Decatur,Texas
Beehive Rock and Gem Club,http://www.beehiverockandgem.com/,Ogden,Utah
Cache Rock and Gem Club,http://cacherockgemclub.weebly.com/,Smithfield,Utah
Golden Spike Gem & Mineral Society,http://goldenspikegem.org/,Ogden,Utah
Mineral Collectors of Utah,http://m-c-u.org/,Salt Lake City,Utah
Moab Rock Club,https://www.facebook.com/Moab-Rock-Club-1508131859497762/,Moab,Utah
Rockhounders Outreach for Community Knowledge,http://www.rockhoundersock.com/,Sandy,Utah
Timpanogos Gem & Mineral Society,http://timprocks.weebly.com/,Provo,Utah
Tooele Gem & Mineral Society,https://www.facebook.com/Tooele-Gem-Mineral-Society-1742342656045404/,Tooele,Utah
Wasatch Gem Society,http://www.wasatchgemsociety.com/,Salt Lake City,Utah
Burlington Gem and Mineral Club,http://www.burlingtongemandmineralclub.org/,Burlington,Vermont
Rutland Rock & Mineral Club,http://www.rutlandrockmineralclub.50webs.com/,Rutland,Vermont
"Gem and Mineral Hunters, Inc.",http://www.gmhonline.org/,Manassas,Virginia
Gem and Mineral Society of Lynchburg,http://www.lynchburgrockclub.org/,Lynchburg,Virginia
Gem and Mineral Society of the Virginia Peninsula,http://www.gmsvp.org/,Hampton,Virginia
"Northern Virginia Mineral Club, Inc.",http://www.novamineralclub.org/,Arlington,Virginia
Richmond Gem & Mineral Society,http://www.rgms-va.info/,Richmond,Virginia
Roanoke Valley Mineral & Gem Society,https://www.facebook.com/RVMGS/,Roanoke,Virginia
Shenandoah Valley Gem & Mineral Society,http://www.shenandoahvalleyrockclub.org/,Waynesboro,Virginia
Tidewater Gem & Mineral Society,http://tgms.weebly.com/,Virginia Beach,Virginia
"Bellevue Rock Club, Inc.",http://www.bellevuerockclub.org/,Bellevue,Washington
Cascade Mineralogical Society Inc,http://www.cascademineralogicalsociety.org/,Kent,Washington
Clallam County Gem & Mineral Association,http://www.olympicrocks.com/,Port Angeles,Washington
Darrington Rock & Gem Club,https://www.facebook.com/DarringtonRGC/,Darrington,Washington
East KingCo Rock Club,http://www.eastkingco.org/,Kirkland,Washington
Everett Rock & Gem Club,http://www.everettrockclub.com/,Everett,Washington
Ginkgo Mineral Society,http://wenatcheerockclub.org/,Wenatchee,Washington
Kitsap Mineral and Gem Societ,http://www.kmgs.org/,Bremerton,Washington
"Lakeside Gem & Mineral Club, Inc.",http://www.lakesidegemandmineralclub.com/,Kennewick,Washington
Maplewood Rock & Gem Community Club,http://www.maplewoodrockclub.com/,Edmonds,Washington
Marcus Whitman Gem and Mineral Society,https://www.sites.google.com/site/mwgemandmineral/,Walla Walla,Washington
"Marysville Rock & Gem Club, Inc.",https://sites.google.com/site/marysvillerockngemclub/,Marysville,Washington
Mount Baker Rock And Gem Club,http://mtbakerrockclub.org/,Bellingham,Washington
North American Miners Association,http://www.namaminers.org/,Kent,Washington
North Puget Sound Facetors Guild,http://www.facetguild.com/,Mount Vernon,Washington
Northwest Paleontological Association,http://nwpaleo.org/,Puget Sound,Washington
Panorama Gem & Mineral Club,http://panoramagem.com/,Arden,Washington
Puyallup Valley Gem & Mineral Club,https://www.facebook.com/PuyallupValleyGemClub,Puyallup,Washington
Skagit Rock and Gem Club,https://www.skagitrockandgem.com/,Mt. Vernon,Washington
Spokane Rock Rollers Club,http://www.rockrollers.org/WP/,Spokane Valley,Washington
North Seattle Lapidary & Mineral Club,http://www.northseattlerockclub.org,Seattle,Washington
Washington Agate and Mineral Society,https://wamsolympia.wordpress.com,Olympia,Washington
West Seattle Rock Club,http://www.westseattlerockclub.org/,Seattle,Washington
Yakima Rock & Mineral Club,http://www.yakimarockclub.com/,Yakima,Washington
Kanawha Rock and Gem Club,http://www.kanawharockandgemclub.org/,Charleston,Virginia
Prehistoric West Virginia,http://prehistoricplanet.com/wv/,Morgantown,Virginia
West Virginia Fossil Club Inc,http://www.westvirginiafossilclub.com/,Clarksburg,Virginia
"Badger Lapidary & Geological Society, Inc.",http://www.badgerrockclub.org/,Monroe,Wisconsin
Coulee Rock Club of La Crosse,https://www.facebook.com/pages/The-Coulee-Rock-Club/182345351787782,La Crosse,Wisconsin
Heart of Wisconsin Gem & Mineral Society,https://www.heartofwisconsinrocks.com/,Marshfield & Stevens Point,Wisconsin
Kettle Moraine Geological Society,http://www.kmgsrocks.com/,Pewaukee,Wisconsin
Lakeland Gem Club,http://www.lakelandgemclub.com/,Minocqua,Wisconsin
Madison Gem and Mineral Club,http://www.madisonrockclub.org/,Madison,Wisconsin
Northwest Wisconsin Gem & Mineral Society,http://www.cameronamericanlegion.org/rockclub.html,Cameron,Wisconsin
Oshkosh Earth Science Club,https://sites.google.com/site/oshkoshearthscienceclub/home,Oshkosh,Wisconsin
"Racine Geological Society, Inc",http://rgs-wi.tripod.com/,Racine,Wisconsin
Weis'n'Miners Geology Club,http://www.weismuseum.org/geology-club.html,Menasha,Wisconsin
Wisconsin Geological Society,http://www.wisgeologicalsociety.com/,West Allis,Wisconsin
Cody 59ers Rock Club,http://www.cody59ers.com/,Cody,Wyoming
Riverton Mineral and Gem Society,http://www.rivertonmgs.com/,Riverton,Wyoming
Wyoming State Mineral and Gem Society,http://wymineralandgemsociety.org,Cody,Wyoming
